experiment_type,setting_value,method,clean_reprojection_rmse_mean,clean_reprojection_rmse_std,observed_reprojection_rmse_mean,observed_reprojection_rmse_std,rotation_error_deg_mean,rotation_error_deg_std,translation_error_mean,translation_error_std,num_iters_mean
noise,0.5,Huber-LM,0.6022973188556411,0.09589765909931366,56.13576290125594,9.162809936911204,0.0880785508450063,0.032295532092007084,0.013736157197532876,0.0015227590837688897,6.333333333333333
noise,0.5,Ordinary-LM,18.024094287793144,2.256200741885921,53.34804623450375,9.122678175333906,2.5688245136478756,0.527606238287134,0.4511898947605115,0.09415684455696142,7.333333333333333
noise,2.0,Huber-LM,0.6409374575168477,0.06693247379979514,58.96981919265577,7.095596727190966,0.1332645795552995,0.027615904813151917,0.017200125685405868,0.0035784270194306497,6.666666666666667
noise,2.0,Ordinary-LM,17.011761361325455,5.778560565281895,56.43200885060693,5.9445210275679194,3.020479257282842,1.3264204729284033,0.48970648430459246,0.21700815298807413,7.0
outlier,0.0,Huber-LM,0.2576409145231054,0.0874490636523319,1.3203563951276245,0.028281291880169233,0.054821908036331336,0.02049320593951581,0.006341440056808756,0.002510139212200817,6.0
outlier,0.0,Ordinary-LM,0.2576409144416754,0.08744906370823134,1.3203563951276254,0.028281291880172088,0.05482190800059953,0.020493205952107803,0.006341440052101702,0.002510139213702061,6.0
outlier,0.2,Huber-LM,0.7666041216998142,0.3125383401658324,73.28892951976849,11.109502428078837,0.17151988390112471,0.04102360661682931,0.021275111538390273,0.008794993529013957,6.666666666666667
outlier,0.2,Ordinary-LM,17.937476685648353,6.896197342304618,71.1110112226803,10.023328790232652,3.519500646650348,1.8013450937234903,0.4850515269576869,0.2693423650061092,7.0
